<?xml version="1.0" encoding="UTF-8"?>
<show>
	<title>Story of My Life</title>
	<author>Adrian Cheng</author>
	<created>24th March 2001</created>
	<cover-picture>front.jpg</cover-picture>
	
	<scenes>
		<scene id='1'>
			<title>When Adrian Was A Baby</title>
			<duration>30</duration>
			
			<audio>
				<track id='1'>
					<replaceable>1</replaceable>
					<title>Adrian Howling</title>
					<path>scenes/1/vocals.mp3</path>
					<duration>30</duration>
					
					<cues>
						<cue>
							<time>10</time>
							<duration>10</duration>
							<content type="text">
								<text>Scream like a hyena!</text>
							</content>
						</cue>
					</cues>
				</track>
				
				<track id='2'>
					<replaceable>0</replaceable>
					<title>Music</title>
					<path>bass.mp3</path>
					<duration>30</duration>
					
				</track>
			</audio>
			
			<pictures>
				<picture id='1'>
					<title>Cute Baby Photo 1</title>
					<path>adrianjeanasti.jpg</path>
					<start-time>0</start-time>
					<duration>15</duration>
					
					<cues>
						<cue>
							<content type="picture">
								<path>cue.jpg</path>
							</content>
						</cue>
					</cues>
				</picture>
				
				<picture id='2'>
					<title>Photo of Adrian biting mummy's finger</title>
					<path>playingmd.jpg</path>
					<start-time>15</start-time>
					<duration>30</duration>
				</picture>
				
				<picture id='3'>
					<title>Adrian naked in toilet</title>
					<path>antoni.jpg</path>
					<start-time>45</start-time>
					<duration>15</duration>
				</picture>
			</pictures>
		</scene>
		
		<scene id='2'>
			<title>When Adrian Was A Primary School Boy</title>
			<duration>30</duration>
			
			<audio>
				<track id='1'>
					<replaceable>1</replaceable>
					<title>guitar</title>
					<path>guitar.mp3</path>
					<duration>30</duration>
					
					<cues>
						<cue>
							<time>10</time>
							<duration>15</duration>
							<content type="text">
								<text>Image Adrian wearing shorts! Oh he already does that all the time. You can do it!</text>
							</content>
						</cue>
					</cues>
				</track>
				
				<track id='2'>
					<title>drums</title>
					<path>drums.mp3</path>
					<duration>30</duration>
				</track>
			</audio>
			
			<pictures>
				<picture id='1'>
					<title>Adrian in chinese class</title>
					<path>segroup.jpg</path>
					<start-time>0</start-time>
					<duration>10</duration>
					
					<cues>
						<cue>
							<content type="picture">
								<path>cue.jpg</path>
							</content>
						</cue>
					</cues>
				</picture>
				
				<picture id='2'>
					<title>Adrian in English class</title>
					<path>food.jpg</path>
					<start-time>10</start-time>
					<duration>10</duration>
				</picture>
				
				<picture id='3'>
					<title>Adrian bullying friend during PE</title>
					<path>japan.jpg</path>
					<start-time>20</start-time>
					<duration>10</duration>
				</picture>
			</pictures>
		</scene>
		

	</scenes>
</show>